Track name,Artist name,Album,Playlist name,Type,ISRC,Spotify - id
"Ghostwriter","RJD2","Deadringer: Deluxe","Favorite Songs","Favorite","USA4T0403506","5Nn2Dj7OQsGL6pgQ9iIzPp"
"Mirror Maru","Cashmere Cat","Mirror Maru EP","Favorite Songs","Favorite","DEZ651212701","4LUu3bMpuxHjwPLj84rNSx"
"Dust It Off","The Dø","I Origins (Original Motion Picture Soundtrack)","Favorite Songs","Favorite","GBV3T1110001","15qaz0xfcnzTvfDrdY9dzS"
"Papaoutai","Stromae","racine carrée","Favorite Songs","Favorite","BET671300160","09TcIuH1ZO7i4vicWKoaN2"
"tous les mêmes","Stromae","racine carrée","Favorite Songs","Favorite","BET671300182","5XZyIOvleZYTh0DD399M90"
"Formidable","Stromae","racine carrée","Favorite Songs","Favorite","BET671300161","4z70Px77quweOupQRiaG2Q"
"Chord Left","Agnes Obel","Aventine","Favorite Songs","Favorite","BEP011300128","53pUvuojWWNx0VWfPa7iwk"
"Human (Marian Hill Remix)","Aquilo","Human (Marian Hill Remix)","Favorite Songs","Favorite","TCACC1452338","4AUb7wCCzRnSyteo1an2zy"
"Comme des enfants","Cœur De Pirate","Cœur De Pirate","Favorite Songs","Favorite","CAD430890713","3xuGzgRYAXHmj0dT1EOtzv"
"Rap God","Eminem","The Marshall Mathers LP2 (Deluxe)","Favorite Songs","Favorite","USUM71314079","6sDQ4uiWw9OdVrCXFLSlZt"
"Guts Over Fear","Eminem","SHADYXV","Favorite Songs","Favorite","USUM71410846","3pAnZV3mgNKCABheAUatc3"
"Elastic Heart","Sia","1000 Forms Of Fear","Favorite Songs","Favorite","USRC11400976","6kwAbEjseqBob48jCus7Sz"
"La La La","Naughty Boy","La La La","Favorite Songs","Favorite","GBAAA1300148","1CcTBs5sc6tCvGXsULeqMy"
"La valse des monstres","Yann Tiersen","Amelie from Montmartre","Favorite Songs","Favorite","FRS949802005","4WnEirPtoKkKT11VXJF72O"
"Sur le fil","Yann Tiersen","Amelie from Montmartre","Favorite Songs","Favorite","FR24Q9800043","03wUauOgu46bxkejcYlk3r"
"Soir de fête","Yann Tiersen","Amelie from Montmartre","Favorite Songs","Favorite","FRS949701390","5qrBRcAJHdfS2ck1webQbA"
"La noyée","Yann Tiersen","Amelie from Montmartre","Favorite Songs","Favorite","FRS949701200","2hseQ3CdoZmJLUuLbO7gKp"
"J'y suis jamais allé","Yann Tiersen","Amelie from Montmartre","Favorite Songs","Favorite","FRS949701290","4d4Fgs8KH0gyDSdc7HuwBF"
"No Diggity","Blackstreet","Hip Hop - Universal Masters","Favorite Songs","Favorite","USIR19600978","0BSUsLKmtxKWFckXM4CVTH"
"Can't Hold Us (feat. Ray Dalton)","Macklemore & Ryan Lewis","The Heist","Favorite Songs","Favorite","GMM881200021","3bidbhpOYeV4knp8AIu8Xn"
"Some Say - Felix Jaehn Remix","Nea","Some Say (Felix Jaehn Remix)","Favorite Songs","Favorite","SEBGA1902742","7C1trmcQQ5n5RNy4l6ziCv"
"Ain't Nobody (Loves Me Better) (feat. Jasmine Thompson)","Felix Jaehn","I","Favorite Songs","Favorite","DEUM71500425","3c8iiZGfEammKJuWTErE5x"
"Mood","Slapvibe","Mood","Favorite Songs","Favorite","QZHNB1955213","6yxA9d2dXs4LrYNhnmdGin"
"Piece Of Your Heart","MEDUZA","Piece Of Your Heart","Favorite Songs","Favorite","DEUM71807719","1DFD5Fotzgn6yYXkYsKiGs"
"La loi de Murphy","Angèle","Brol","Favorite Songs","Favorite","TCADH1799031","1UQKfmCH2wxVXTAVMUXiEj"
"Pesetas","Rilès","Pesetas","Favorite Songs","Favorite","TCADC1725047","0Ei1aBiIELwXmUcIZDETOi"
"Plus tard","47ter","Petits princes","Favorite Songs","Favorite","TCADN1880546","2Wkvlx8MIlVEWkZgq9vt9z"
"Ne m'invite pas","Poupie","Ne m'invite pas","Favorite Songs","Favorite","FRUM71900982","7M9O8p72Aau8WXbs4oH6uY"
"Alma Doce","Drey Karper","Alma Doce","Favorite Songs","Favorite","CH6541873624","1nekwCzcdkcrgoWNiAwJUl"
"L'amour, l'amour, l'amour","Bon Entendeur","Aller-retour","Favorite Songs","Favorite","FRZ051800753","6OGpURRDL26WAeouxgnfX9"
"S'en aller","Swing","S'en aller","Favorite Songs","Favorite","BEEN92091001","3ATo60fpicfxwZ0daRatlU"
"Flemme","Angèle","Brol","Favorite Songs","Favorite","BE8HB1800013","2TL8q8EO60b9lWeozfqYnG"
"J'ai vu","Roméo Elvis","Morale 2","Favorite Songs","Favorite","BEEO51700007","5Bjjf2Vj3dCaGetKlXS4be"
"Came For The Low","ZHU","Came For The Low","Favorite Songs","Favorite","USUG11903707","36LQYp5FNsuT5voIO9bdfZ"
"WTF (feat. Amber Van Day)","HUGEL","WTF (feat. Amber Van Day)","Favorite Songs","Favorite","DEA621801857","0gn93i7HJt0calph67R5Wu"
"Cooler Than Me","Lucky Luke","Cooler Than Me","Favorite Songs","Favorite","DEE861901892","525GY0mXYnxajolwgS8Eaz"
"Baianá","Bakermat","Baianá","Favorite Songs","Favorite","NLE801900440","430efk5Jc5wGay4EWP4snS"
"La vie ne vaut rien (reprise d'Alain Souchon)","Tim Dup","La vie ne vaut rien (reprise d'Alain Souchon)","Favorite Songs","Favorite","FRZ051700605","69eq0wj7oxGE6D4htiyHlU"
"Bouquet de pleurs","Foé","Îl","Favorite Songs","Favorite","FR9W11720311","4RnDOSKK2sbexePl97hCB8"
"Grave","Eddy de Pretto","Culte","Favorite Songs","Favorite","FRUM71801977","3ryiQYyGqcN7soRuZpSWID"
"Dans l'univers","Nekfeu","Les étoiles vagabondes : expansion","Favorite Songs","Favorite","FR9W11908564","2PYXOG6GdxF9sUIH2NfOAD"
"Rodeo (feat. Personne)","Trinix","Rodeo (Remixes)","Favorite Songs","Favorite","FR9W11919085","1Hcz4ENJ1lqzswTbNkcvFl"
"Gin tonic","James Baker","Gin tonic","Favorite Songs","Favorite","QZDA71989333","6XbfxXgvzSUL46IcryaBMJ"
"Home","AVC","Home","Favorite Songs","Favorite","QZDA51938671","4Y1Fde9Hx0bVsaPSk8K9Z0"
"If You Feel - Gavin Moss Remix","Cats On Trees","Neon (Edition Deluxe)","Favorite Songs","Favorite","FR79W1800200","02zmDET82H25bo957mi4jv"
"Princess","Crystal Murray","Princess","Favorite Songs","Favorite","FR6P11900980","14jYEAlo004ETeuJ5myNqn"
"Overnight - Instrumental","Gonzales","Chill Out Jazz (Jazz Club)","Favorite Songs","Favorite","DEY380480030","6NwxXyHnGuWdy7dd04X3FL"
"Satisfied - Ambient Reprise","Catching Flies","Satisfied","Favorite Songs","Favorite","QM6P41815504","2N5nLrSKC1iM87U6Srhvb2"
"Lucy The Tease","Allan Rayman","Hotel Allan","Favorite Songs","Favorite","CAUC01500050","2j4RC1LkwV47B0BMZNyvE3"
"Repeat","Allan Rayman","Roadhouse 01","Favorite Songs","Favorite","CAUM71600255","7tLWymW3ieb60ZI0aFa4lv"
"Graceland","Allan Rayman","Hotel Allan","Favorite Songs","Favorite","CADE70902916","60NMp2g45KfA8UlwXfVjVE"
"Ready To Rock","Oddisee","People Hear What They See (Commentary Version)","Favorite Songs","Favorite","USKVL1200064","0gJrV0nwIkYvzj5Qc240RZ"
"Contradiction's Maze (feat. Maimouna Youseff)","Oddisee","The Good Fight","Favorite Songs","Favorite","QM6N21488545","2ifZGBMvT6OcSgnHLecqNn"
"Corpocontinente","Céu","Apká!","Favorite Songs","Favorite","BRRGE1908481","7dKBjJ2fxNKOvnrLoWguSm"
"J'attends","Ben Mazué","Les femmes idéales","Favorite Songs","Favorite","FRZ051800506","2EjSObddqmZPzlcoket9WV"
"Roses - Imanbek Remix","SAINt JHN","Roses (Imanbek Remix)","Favorite Songs","Favorite","RUB421901499","24Yi9hE78yPEbZ4kxyoXAI"
"Laputa (Taylor McFerrin Remix feat. Anderson .Paak)","Hiatus Kaiyote","Recalibrations, Vol. 1","Favorite Songs","Favorite","USSM11602056","5UFtKaL5KBumqv4tpgdm0p"
"Play Date","Melanie Martinez","Cry Baby (Deluxe Edition)","Favorite Songs","Favorite","USAT21502465","4DpNNXFMMxQEKl7r0ykkWA"
"Letting People Go (feat. Prinze George) - Diplo Remix","Carnage","Letting People Go (feat. Prinze George) [Diplo Remix]","Favorite Songs","Favorite","USUYG1255942","3iINfVB6kucFrmMRWdLMWS"
"Wrong Time","Hippie Sabotage","Wrong Time","Favorite Songs","Favorite","QM4TW2042962","0TxPln0uhql4ucFGk1XISM"
"The Less I Know The Better","Tame Impala","Currents","Favorite Songs","Favorite","AUUM71500303","6K4t31amVTZDgR3sKmwUJJ"
"STREET LIVIN'","Black Eyed Peas","STREET LIVIN'","Favorite Songs","Favorite","USUM71714177","6NjcOqkCcsbO65KhM5Af2K"
"Army Of The Night","Amaranthe","Army Of The Night","Favorite Songs","Favorite","FIUM71800193","6So02Y7y4KbP87mSxUOMuk"
"O (Feat. LEE HI)","CODE KUNST","PEOPLE","Favorite Songs","Favorite","KRC712000014","7iooxPmnLY6wZynSplHUah"
"Do I Wanna Know?","Arctic Monkeys","AM","Favorite Songs","Favorite","GBCEL1300362","5FVd6KXrgO9B3JPmC8OPst"
"Myself","Bazzi","COSMIC","Favorite Songs","Favorite","USAT21801524","5YLHLxoZsodDWjqSgjhBf3"
"You & Jennifer","bülow","Damaged Vol. 2","Favorite Songs","Favorite","CAUM71800073","0g21KZ1XJuhwexWPLpuEt1"
"Falling (blackbear Remix)","Trevor Daniel","Falling (blackbear Remix)","Favorite Songs","Favorite","USUYG1231907","59IUUAdjVbmq80Nkc3Q9Dx"
"Why Do You Love Me","Charlotte Lawrence","Why Do You Love Me","Favorite Songs","Favorite","USAT21903663","2y8iBf0QRqCKFtePi9Rl2H"
"Tia Tamera (feat. Rico Nasty)","Doja Cat","Amala (Deluxe Version)","Favorite Songs","Favorite","USRC11803908","1uNePI826aqh9uC9pgbeHU"
"If We Have Each Other","Alec Benjamin","Narrated For You","Favorite Songs","Favorite","USAT21804357","7pT6WSg4PCt4mr5ZFyUfsF"
"feel something","Bea Miller","feel something","Favorite Songs","Favorite","USHR11939250","7JDWhC422Gtk1Bq0mL3OTC"
"Work Out","J. Cole","Cole World: The Sideline Story","Favorite Songs","Favorite","USQX91100801","2wAJTrFhCnQyNSD3oUgTZO"
"Wait 2.0","NoMBe","They Might've Even Loved Me (Re:Imagination)","Favorite Songs","Favorite","TCAEC1989810","4Vjhj4ooAi0P96xk6Vj3lp"
"Forever","ilyTOMMY","Forever","Favorite Songs","Favorite","TCAED1923154","7uHRKSQ9WIlBBuBY7BHcbq"
"Ride It","Regard","Ride It","Favorite Songs","Favorite","GBCEN1900047","2tnVG71enUj33Ic2nFN6kZ"
"Pretty Please","Allan Rayman","Pretty Please","Favorite Songs","Favorite","CAUM71900230","4wTwlWT8t0noipR4ouEn9L"
"Overthinker","INZO","Overthinker","Favorite Songs","Favorite","QM24S1819020","4K9xid96G3YmIvQZXN9SXg"
"GFY","Dennis Lloyd","Exident","Favorite Songs","Favorite","USQX91900815","10KQrsptNFQ0rwr7rHYjeu"
"Summer Love - Recorded at Spotify Studios NYC","Chelsea Cutler","Spotify Singles","Favorite Songs","Favorite","TCAED1925203","3LSnp6mtKiVXCJwsmOvfMd"
"Boss Bitch","Doja Cat","Boss Bitch","Favorite Songs","Favorite","USAT21907355","78qd8dvwea0Gosb6Fe6j3k"
"Your Song - Disciples Remix","Rita Ora","Your Song (Disciples Remix)","Favorite Songs","Favorite","GBAHT1700473","1DSYPKfJMDiiQYikace2F1"
"Loud Pipes","Ratatat","Classics","Favorite Songs","Favorite","GBBKS0600074","5ZrrXIYTvjXPKVQMjqaumR"
"A Mi Manera","Mercee","A Mi Manera","Favorite Songs","Favorite","CA5KR2062755","7nOOIA7QexAyKZkokNcV57"
"Sweet Bitter","Mercee","La Luna Yena","Favorite Songs","Favorite","CA5KR2010280","2Dlcne1M6VRJ9Jv3lZQRWu"
"La Luna Yena","Mercee","La Luna Yena","Favorite Songs","Favorite","CA5KR2010279","6L7sg8jr7YgvAfxI6EowjT"
"Laisse-moi t'aimer","Laurie Darmon","Femme Studio","Favorite Songs","Favorite","FRY601908721","2boYIpJVzkugP7BwAaVzGw"
"Vogue Merry","Moussa","Vogue Merry","Favorite Songs","Favorite","FR7JK1900040","5fqMnSFo83YEsOBALMAYau"
"Moon (And It Went Like)","Kid Francescoli","Play Me Again","Favorite Songs","Favorite","FRP621600280","24upABZ8A0sAepfu91sEYr"
"Ta reine - Version orchestrale","Angèle","Brol La Suite","Favorite Songs","Favorite","BE8HB1990012","4hJljAGAHwfbeCx4y3UpgW"
"God Is A Dancer (with Mabel)","Tiësto","God Is A Dancer (with Mabel)","Favorite Songs","Favorite","CYA111900298","6fenHIxXuuzKB55wY4WCHP"
"Let's Fall in Love for the Night","FINNEAS","Let’s Fall In Love For The Night","Favorite Songs","Favorite","GBKPL1825156","7kQkmyoHCEqwe7QwDbkSXM"
"Hallucinogenics - Vallis Alps Remix","Matt Maeson","The Remixes","Favorite Songs","Favorite","USAT21804161","5BcgMsAhoEgR6nmZHhAZEg"
"Can We Kiss Forever?","Kina","Can We Kiss Forever?","Favorite Songs","Favorite","USSM11914456","58wyJLv6yH1La9NIZPl3ne"
"Детство","Rauf & Faik","Я люблю тебя","Favorite Songs","Favorite","RUA0G1800601","381kyofsIJKajRfX9iKLs8"
"I Can't Sleep","Powfu","Some Boring, Love Stories","Favorite Songs","Favorite","QZES71871852","25yup6WYnPoITrfzhkBLmt"
"Ganja Burn","Nicki Minaj","Queen","Favorite Songs","Favorite","USCM51800137","3LHYmz86DxGInsRp3wiiW5"
"On My Mind (Jorja Smith X Preditah)","Jorja Smith","On My Mind (Jorja Smith X Preditah)","Favorite Songs","Favorite","QM6N21781333","1OxL1FWSEd7QmJoWLRP2NO"
"Barbie Dreams","Nicki Minaj","Queen","Favorite Songs","Favorite","USCM51800139","6Poyf51k7W3NKnsGwAI90B"
"Thank You [Not So Bad]","VIZE","Thank You [Not So Bad]","Favorite Songs","Favorite","DEUM72000240","4AqN8IdKCfItCSbuaFch81"
"Ahead Of Time","Baltra","Ted","Favorite Songs","Favorite","QZ5FN1982263","49BIPp07mdVJUeQnWE4Zli"
"Airplane Mode","Limbo","Holo","Favorite Songs","Favorite","QMPKX1755492","7c0ss9FGSyXGNczL4gV75a"
"Only You","Steve Monite","Doing It in Lagos: Boogie, Pop & Disco in 1980's Nigeria","Favorite Songs","Favorite","GBUQH1600076","69ZGaXg5BV9HRxOgexbu6N"
"Retro (Rough)","Childish Gambino","Kauai","Favorite Songs","Favorite","USYAH1400033","1nRTH500HbZX8PYwT4ZMby"
"IV. Sweatpants","Childish Gambino","Because the Internet","Favorite Songs","Favorite","USYAH1300223","00GOPLxW4PGQuUYdPJh8K1"
"Doing Yoga","Kazy Lambist","On You (Radio Edit) - Single","Favorite Songs","Favorite","FR6F31601420","2N2QYANz84q0gQrWp4QTg8"
"Open","Rhye","Woman","Favorite Songs","Favorite","GBUM71205660","3JsA2sWDNR9oQogGAzqqtH"
"Feel The Game","Stereoclip","Travel","Favorite Songs","Favorite","NLF711803595","77HoDZBhyz9Rs37re8SDvw"
"Get Stüpid","bülow","Crystalline","Favorite Songs","Favorite","CAUM71900065","4PMLEEYw4mblYsPlDSHKyu"
"Surrender","Natalie Taylor","Surrender","Favorite Songs","Favorite","USQX92001180","0ecC8p17cDNlxHXkuYqeR6"
"Soul Food","JERHELL","Soul Food","Favorite Songs","Favorite","QZFZ21987183","0quZUCm2yRSBgehny1nH8M"
"Moving","H E R B","Origins","Favorite Songs","Favorite","QZARB1826061","4JjpOx1UPqLqnPRGizLgKy"
"Dreams","Fleetwood Mac","Greatest Hits","Favorite Songs","Favorite","USWB19900178","1lbXEepatjRVjoG8pZMtdp"
"Paradise","VIZE","Paradise","Favorite Songs","Favorite","DEN062004339","2qpZjutAe3pstQsjwSXQb4"
"Moonlight","Gaullin","Moonlight","Favorite Songs","Favorite","USHM21844771","0A5gdlrpAuQqZ2iFgnqBFW"
"I'll Come Too","James Blake","Assume Form","Favorite Songs","Favorite","GBUM71807977","6EvUAsfncetT0RcWshHCbl"
"These Girls","Sticky Fingers","Caress Your Soul","Favorite Songs","Favorite","AUUR11300052","4iURgDfsolmCJtknzWuyxj"
"Hold On","The Internet","Hive Mind","Favorite Songs","Favorite","USSM11804490","5tqZJUHEuqdN12RZVq2l9p"
"Corps","Yseult","Noir","Favorite Songs","Favorite","FR96X1982008","7qx03NsIL42jM03zFphnRO"
"Colors of the Wind","Judy Kuhn","Pocahontas","Favorite Songs","Favorite","USWD10423005","1OYOLWqKmhkFIx2KC9ek1a"
"Lonely (with benny blanco)","Justin Bieber","Lonely (with benny blanco)","Favorite Songs","Favorite","USUM72019170","4y4spB9m0Q6026KfkAvy9Q"
"The Weight Is Gone - The Purgatory Sessions","Albin Lee Meldau","The Purgatory Sessions","Favorite Songs","Favorite","USUM71900067","0kExggaYmBEq5RGfmf8GZp"
"Drifting","Maverick Sabre","When I Wake Up","Favorite Songs","Favorite","QM6N21806607","4bxzRvNJBeYM5vzWnHBU53"
"Lonely Lullabies","Kweku Collins","Say It Here, While It's Safe","Favorite Songs","Favorite","USQY51586864","0h4kOUA5ec7k7oW8pEeYnC"
"just friends","keshi","just friends","Favorite Songs","Favorite","SEYOK1783866","2KEnu7ABoDpekTUae5rrU0"
"Lemonade","Internet Money","Lemonade (feat. Gunna, Don Toliver & NAV)","Favorite Songs","Favorite","QZJ842000368","02kDW379Yfd5PzW5A6vuGt"
"Tadow","Masego","Lady Lady","Favorite Songs","Favorite","QM24S1703810","51rPRW8NjxZoWPPjnRGzHw"
"Navajo","Masego","Navajo","Favorite Songs","Favorite","QM24S1702110","6zWU7YALeEDMcPGhKKZJhV"
"Daisy","Ashnikko","Daisy","Favorite Songs","Favorite","GBAYE2000596","0AUvWawuP0ibk4SQ3sIZjk"
"virgo","Jadu Jadu","virgo","Favorite Songs","Favorite","QZES61812532","6DG3LXLQjz8Z9QvWGkf6gS"
"Are You Even Real?","James Blake","Are You Even Real?","Favorite Songs","Favorite","USUM72013736","2k0HXdTDW28JFAaS8TaHeA"
"Invitation (feat. Kodie Shane)","Ashnikko","Unlikeable","Favorite Songs","Favorite","GBAYE1800451","46aopTu45teng25ROkoeXk"
"i met sarah in the bathroom","awfultune","i met sarah in the bathroom","Favorite Songs","Favorite","SE6HN1926755","0mr8FAnN9X70p5KRUwMIJx"
"Station","Låpsley","Long Way Home","Favorite Songs","Favorite","GBBKS1500307","1H3AgLv2R6GcRDIrrnMCQp"
"Innerbloom","RÜFÜS DU SOL","Bloom","Favorite Songs","Favorite","FR2X41565153","77kMHM0D2MgGTjoL2308Lm"
"When I Get There","Big Wild","Invincible","Favorite Songs","Favorite","USQY51706110","3vcgNyLVlBu0aLBvJYZYGT"
"3AM","Baauer","3AM","Favorite Songs","Favorite","GB5P51800269","3ODFkkLTkyZpdyzcDQXTij"
"Honey","salute","Condition","Favorite Songs","Favorite","GBPVV1802306","2ipbVg9oVEJ6VJMOAwZOVG"
"Why","PEARSON","Why","Favorite Songs","Favorite","US23A1500598","1HlOi3C4SVWpHgSpGMubuG"
"Party Here","Octavian","Party Here","Favorite Songs","Favorite","QMBZ91711249","6rdaW0ZtNeQv4J2lmOf4sS"
"Know What I Mean","The Manor","Don't Do What We Did","Favorite Songs","Favorite","QMEU31504938","2HGhl9rH6TYmQisDxRltQv"
"3 Words","FooR","3 Words","Favorite Songs","Favorite","FR96X1712202","7nviYkaxumgGb7EtVo5ljJ"
"Barefoot In The Park (feat. ROSALÍA)","James Blake","Assume Form","Favorite Songs","Favorite","GBUM71807978","3onYsieuDICdVt5ULZSExF"
"Bad Baby - Club Mix","Neggy Gemmy","Bad Baby","Favorite Songs","Favorite","FRIDO1710761","3IUyGcKzK8wPfsjd1x2KzK"
"Wake Up","George The Poet","Wake Up","Favorite Songs","Favorite","US23A1500286","3tyjcCMk0Do4y0hPbndlxz"
"Bjp","Frankie Stew and Harvey Gunn","The Morning","Favorite Songs","Favorite","TCACZ1798665","4WubT2JmiEAgkhYOvfF5F4"
"Coconuts","Frankie Stew and Harvey Gunn","Coconuts","Favorite Songs","Favorite","FR59R1803966","2SGknyfG0dRdzinVMLe7nS"
"Come Inside (Kaytranada Edit)","Lou Phelps","002 / LOVE ME","Favorite Songs","Favorite","CAL451850701","3jQL0t4Jg4EZ77oNEvjEtN"
"Feel It (feat. Theophilus London) - Krystal Klear Remix","Octavian","Feel It (feat. Theophilus London) [Krystal Klear Remix]","Favorite Songs","Favorite","GBARL1900807","4x64Yf1A0WXPLONfNJiTLI"
"Find My Way Home","Sammy Virji","Find My Way Home","Favorite Songs","Favorite","NLS6R1888501","1yIi7qRdybE4yY1V0YdOKG"
"Making Sense","Lil Silva","Making Sense","Favorite Songs","Favorite","GBENL1802241","6aykUGbGRd23YUrMYYOclI"
"VALENTINO - Imanbek Remix","24kGoldn","VALENTINO (Imanbek Remix)","Favorite Songs","Favorite","USQX92002455","660BgHpKo1jhR9MMSFn7CF"
"Astronaut In The Ocean","Masked Wolf","Astronaut In The Ocean","Favorite Songs","Favorite","USAT22100017","3Ofmpyhv5UAQ70mENzB277"
"Tyler Herro","Jack Harlow","Thats What They All Say","Favorite Songs","Favorite","USAT22006588","3w1WjD2zJqjBjDz5fwqQPJ"
"I WANNA SEE SOME ASS (feat. jetsonmade)","Jack Harlow","Sweet Action","Favorite Songs","Favorite","USAT22001019","2aWVaW1p2kUc5yuKwBmRJi"
"Lemonade - Remix","Internet Money","B4 The Storm (Complete Edition)","Favorite Songs","Favorite","QZJ842000547","57FNYz14MjKVoRTbxtv4A1"
"Sleepwalking","Elderbrook","Sleepwalking","Favorite Songs","Favorite","GBAYE1800488","50Lf1pAMJqgnERsUK1hzG6"
"Throwaway (with Clairo)","SG Lewis","Dawn","Favorite Songs","Favorite","GBUM71900898","2MnEG4htbbdfoUsyzxZ4BM"
"Apricots","BICEP","Isles","Favorite Songs","Favorite","GBCFB2000317","0WfOuXw05LJq4ik1lVvTzi"
"Dark Gethsemane","Burial","Shock Power of Love EP","Favorite Songs","Favorite","GBZSL2000034","1xPJ0SgzhaFllWByZ3HHtp"
"Nothing","Derek Simpson","KiNG SUN","Favorite Songs","Favorite","TCADP1825827","2RgOlgNEMnwXPA5dMBm2KR"
"Cobrastyle","Robyn","Robyn","Favorite Songs","Favorite","SEWKZ0600102","3B60nNHBKmgEslDq3dyGCS"
"Surface (feat. A2)","Etta Bond","He's Mine","Favorite Songs","Favorite","QM4TW1858500","4dEHgrFQJ3kiztCS8sG5oA"
"Steal","Maribou State","Portraits","Favorite Songs","Favorite","GBCFB1500102","0pAiyIHt9DyHOjWgF41kp6"
"Purple Feelings (feat. Rainsford)","Jerry Folk","Purple Evenings","Favorite Songs","Favorite","TCADA1776421","4j58N9Ww4rpuOxiTK2sFVZ"
"Dissolve","Kllo","Backwater","Favorite Songs","Favorite","GBENL1701991","04o2aDxg6YL2Q2IFEes2dz"
"Glide","Hoodboi","Breathing Room","Favorite Songs","Favorite","QMSDU1700218","0VQCjhRnEM2EYYO0zlp34H"
"Am I Wrong","Nico & Vinz","Black Star Elephant","Favorite Songs","Favorite","USWB11304681","1fidCEsYlaVE3pHwKCvpFZ"
"Tunnel","Polo & Pan","Tunnel","Favorite Songs","Favorite","FRPDG2100200","3ys5J8MAFYex3zO7n9VduT"
"Still Don't Know My Name","Labrinth","Euphoria (Original Score from the HBO Series)","Favorite Songs","Favorite","USQX91902507","6N22FZs2ZhPBYi3b9XPajV"
"Running Nights (Jugende RMX)","MVCA","Running Nights (Jugende RMX)","Favorite Songs","Favorite","NLS6R1867578","0RGBJ4tegN1iA8RNz7dqmz"
"Ice & Cold","Tom Enzy","Ice & Cold","Favorite Songs","Favorite","DES232100220","3eKdMlPONnxz5quSb2VpKU"
"The Way","Zack Hemsey","The Way","Favorite Songs","Favorite","US5C31100010","3JnQth6rdt2s9PXtHQMW1E"
"Complicated","Mura Masa","Complicated","Favorite Songs","Favorite","GBUM71804320","2mssuAa5xshIx2c06p1c2F"
"South Seas - Edit","Ménage à trois","South Seas","Favorite Songs","Favorite","FRPIN1600090","0moRO9q1gXhDvE0PZPkvm4"
"Colibria","Nicola Cruz","Prender el Alma","Favorite Songs","Favorite","GBGLW1500154","3bKMS7ZtNn0wr44WEhvpyB"
"Save Your Tears","The Weeknd","After Hours","Favorite Songs","Favorite","USUG12000658","5QO79kh1waicV47BqGRL3g"
"Hardest To Love","The Weeknd","After Hours","Favorite Songs","Favorite","USUG12000652","6kWxIqQDsKFYCJGbU4AjCX"
"Kobra","Mahmood","Ghettolimpo","Favorite Songs","Favorite","ITUM72100301","0omsXk5kr8yUfpzwvAiRXB"
"On My Own","Jaden","ERYS (Deluxe)","Favorite Songs","Favorite","QMJMT1902194","4D1eVq5AUILwjg3tAe7o6M"
"Show Out (with Skepta & Pop Smoke)","Kid Cudi","Man On The Moon III: The Chosen","Favorite Songs","Favorite","USUM72023842","5CFJRZRq6sdKKtRwNPWbYv"
"The Difference - Extended","Flume","The Difference (Extended)","Favorite Songs","Favorite","AUFF02000031","1ZtYQ0Xa0FceWOEYOjshui"
"Mystery Lady - ChopNotSlop Remix","Masego","Mystery Lady (ChopNotSlop Remix)","Favorite Songs","Favorite","USUM72024149","4E3KOqQvFCq8j0d8XeaNq6"
"Deep End - SIDEPIECE Remix","John Summit","Deep End (SIDEPIECE Remix)","Favorite Songs","Favorite","GBCPZ2018710","5WNa0eaGNwQ1ZXTHVlULpd"
"Ride With Me","ATM Curly","Ride With Me","Favorite Songs","Favorite","QZES91962693","2foDaqiGEPFeYN2ecxLHZU"
"Deep End","Fousheé","Deep End","Favorite Songs","Favorite","USRC12002568","6HlE9t71z9DjGi7KqSyEpA"
"Runaway","Kanye West","My Beautiful Dark Twisted Fantasy","Favorite Songs","Favorite","USUM71027402","3DK6m7It6Pw857FcQftMds"
"Heartless","Kanye West","808s & Heartbreak","Favorite Songs","Favorite","USUM70840511","4EWCNWgDS8707fNSZ1oaA5"
"Novacane","Frank Ocean","Novacane","Favorite Songs","Favorite","USUM71107257","4osgfFTICMkcGbbigdsa53"
"She Knows (feat. Amber Coffman & Cults)","J. Cole","Born Sinner (Deluxe Version)","Favorite Songs","Favorite","USQX91301184","0Fs9cdPDhptWEDJmiCbkEW"
"Snow On Tha Bluff","J. Cole","Snow On Tha Bluff","Favorite Songs","Favorite","QMJMT2003024","1oOEkBNp4zWnkD7nWjJdog"
"As the World Caves In - Wuki Remix","Sarah Cothran","As the World Caves In (Wuki Remix)","Favorite Songs","Favorite","USUM72115327","3L740L9Y186igjbzxz7Vfr"
"Sobriety","Jessie Murph","Sobriety","Favorite Songs","Favorite","USQX92103676","0UOb1XYYj9iByVnCgLazcX"
"Paris","Else","Paris","Favorite Songs","Favorite","FR7JK1600001","2H7F7EfsVhy0jNLsVz8MLH"
"Love Tonight (David Guetta Remix Edit)","Shouse","Love Tonight (David Guetta Remix)","Favorite Songs","Favorite","USA2P2120718","2prnn41CblB8B4yWACDljP"
"Love Tonight","Shouse","Love Tonight","Favorite Songs","Favorite","USQY51798086","1u73tmG4xQschbK8cXxSD9"
"Meet Me At Our Spot","THE ANXIETY","Caught A Vibe","Favorite Songs","Favorite","QMJMT2002693","5F6IO3wIJ2cFqLfeQPlyqJ"
"Wait a Minute!","WILLOW","ARDIPITHECUS","Favorite Songs","Favorite","QMJMT1500801","0y60itmpH0aPKsFiGxmtnh"
"Issues","Julia Michaels","Nervous System","Favorite Songs","Favorite","USUM71615691","0xG0SHshCStMEyNbNC5d4k"
"Yucky Blucky Fruitcake","Doechii","Oh The Places You’ll Go","Favorite Songs","Favorite","QZK6K2014718","1j3SdMJfeRJXycCp50boYE"
"Dreams","Phil Soda","Dreams","Favorite Songs","Favorite","DES232000390","3cC6Sx3Z0UTyr5gM2vHFdg"
"Caught in a Dream","PALASTIC","Caught in a Dream","Favorite Songs","Favorite","DES232000510","2aahxM4jGWFWgMzmHpelAR"
"Haunted","Dillistone","Haunted","Favorite Songs","Favorite","DES232100490","7qX8Vl5H5IxQiXGWXHa0kD"
"Problems","Petit Biscuit","Presence","Favorite Songs","Favorite","FR9W11719735","7wKzj1b8YKPuZELfVDz708"
"Perfect Blue","Elle Valenci","Perfect Blue","Favorite Songs","Favorite","FR00R1900019","0u834tjHl0zB9xdPO5KrQX"
"Becoming","WizTheMc","Becoming","Favorite Songs","Favorite","QZFZ41943302","6jDFFm8joUjxbtexhuzsjU"
"Deep End","hapi","Luv Trip","Favorite Songs","Favorite","TCAEA1989712","7nowvvvfEDoXCYbTq6EgOA"
"Only Way Is Up","Gaël Faye","Lundi Méchant","Favorite Songs","Favorite","FRPDK2000100","2CQQQfax1YLcMbU0V5oTuQ"
"Gabriel","Joe Goddard","Gabriel","Favorite Songs","Favorite","GBRTB1100088","1VpQNXHEd6fKIC3wrz2LoF"
"Burns","George FitzGerald","All That Must Be","Favorite Songs","Favorite","GBCEL1700520","2DeV4SryfbbEM1YgedzKP4"
"Hold On","SBTRKT","SBTRKT (Deluxe Version)","Favorite Songs","Favorite","GBBKS1100050","47GsUibP7RiUL7SQ7YFfhu"
"The Light","SBTRKT","Wonder Where We Land","Favorite Songs","Favorite","GBBKS1400215","1lFz7QPoxqBdUV4iugS3MX"
"Just For Me (with SZA) - Space Jam: A New Legacy","SAINt JHN","Just For Me (Space Jam: A New Legacy)","Favorite Songs","Favorite","USUG12102456","3B5yl01KF06NkYG39BdTBa"
"Mystery Lady","Masego","Studying Abroad: Extended Stay","Favorite Songs","Favorite","USUM72021142","0bkTdkWwGk3OGFX0afD3Wj"
"Put It on Me","Frankie Stew and Harvey Gunn","The Morning","Favorite Songs","Favorite","TCACZ1798655","76uOmADz7RDVK8atL2H1lT"
"WhoWho","WizTheMc","WhoWho","Favorite Songs","Favorite","QZJ842000535","68sThwPwwfp0Fb6zZ1ssWz"
"Magnolias for Ever","Emma Peters","Emma Peters (Remixed)","Favorite Songs","Favorite","TCAEP1910974","3l6779YqHSAtPR7cKhNP47"
"Grauer Beton - Lambert Rework","Lambert","Grauer Beton (Lambert Rework)","Favorite Songs","Favorite","DEWA71700033","1KaIhcirtjBdEftZw4rp4o"
"LOVE. FEAT. ZACARI.","Kendrick Lamar","DAMN.","Favorite Songs","Favorite","USUM71703088","6PGoSes0D9eUDeeAafB2As"
"Erase Me - Main","Kid Cudi","Man On The Moon II: The Legend Of Mr. Rager","Favorite Songs","Favorite","USUM71020517","6XkuklKiHYVTlVvWlTgQYP"
"On & On","Her","Her","Favorite Songs","Favorite","FR91J1700004","1y5FGDQHfDOSIRye0jkoBt"
"Walls To Build - Mall Grab Remix","Kllo","Walls To Build (Mall Grab Remix)","Favorite Songs","Favorite","US2J71608901","6wmWC3kGcFvumqBiWXKnx3"
"Dancin (feat. Luvli) - Krono Remix","Aaron Smith","Dancin (feat. Luvli) [Krono Remix]","Favorite Songs","Favorite","QMLA71400326","6WkJ2OK163XXS2oARUC9JM"
"When I R.I.P.","Labrinth","Euphoria (Original Score from the HBO Series)","Favorite Songs","Favorite","USQX91902519","2t16D9V5FmmRAJjsSpwvZf"
"Smalltalk - Four Tet Remix","Ultraísta","Ultraísta (Deluxe)","Favorite Songs","Favorite","GBHVW1200011","0MCkGXxEcvsPc7HrncVlsZ"
"U-Ser-Name","Benjamin Amaru","Real Fake Rebel","Favorite Songs","Favorite","CH7811922733","6stEilqJf8jJmasT6XqFfb"
"Wildfires","SAULT","Untitled (Black Is)","Favorite Songs","Favorite","UKMEH2000068","4Tzw9IdZbVyzmpWrvsGaNX"
"Equals","Jasper Tygner","Equals","Favorite Songs","Favorite","UKN6K2003934","5dHMA3NFsOyFKGJ7ML8hO1"
"u.","niteboi","u.","Favorite Songs","Favorite","QM42K1876139","0J7oHYxjF6Oln61wy0kP2i"
"Ameno Amapiano Remix (You Wanna Bamba)","Goya Menor","Ameno Amapiano Remix (You Wanna Bamba)","Favorite Songs","Favorite","DEE862200008","4iwiYqzoLImJraKQ9Pf2I2"
"Standing There","The Silhouettes Project","The Silhouettes Project","Favorite Songs","Favorite","DEGC62002360","6D8fbdTViKv8biaCwcrquo"
"Streets","Doja Cat","Hot Pink","Favorite Songs","Favorite","USRC11903460","60ynsPSSKe6O3sfwRnIBRf"
"Put It on Me - Instrumental","Frankie Stew and Harvey Gunn","The Instrumentals, Vol. 2","Favorite Songs","Favorite","FR96X1912720","7wPG76QexOyBEQE4KMruBk"
"Unstoppable","Sia","This Is Acting","Favorite Songs","Favorite","USRC11502934","059ACLUOyEcdruA2m9f2jd"
"Kiss Me","August Landelius","Goldilocks Zone","Favorite Songs","Favorite","SE4RQ1900104","6aSfyrJiqXOnVawRKBdCDq"
"Sondela Forever","Muzi","Sondela Forever","Favorite Songs","Favorite","DEG932001005","5pAEMlsf7hoXnF96C0weMz"
"tonight","LIE NING","tonight","Favorite Songs","Favorite","DEQ121934001","5klsN513aq5UOsG2Z4bGXa"
"Corpo Nú","MC Vinicius","Funk Brasil Relíquias (Vol. 2)","Favorite Songs","Favorite","BRLRE0500156","2IylQMaAmvWZbHL83INOkA"
"a bath in the ocean with you","moow","a bath in the ocean with you","Favorite Songs","Favorite","FR9W12123035","67aii9HGnJUlFVGhdaviCF"
"Jungle","Emma Louise","Vs Head Vs Heart","Favorite Songs","Favorite","AUM221100014","5sAYqcQTEQbTbxdcqI4b8v"
"Full City","Elle Valenci","Freedom","Favorite Songs","Favorite","FRDAG2100030","1OasncxhvkwATyp5l0C5Mo"
"Home","AVC","Home","Favorite Songs","Favorite","QZDA51938671","2AsRjCVAHLTBTobzbj6laM"
"Chayn Gang","Twit One","Hay Luv","Favorite Songs","Favorite","DEGC61701887","0aKZjSKUQQR3sRtlsMWi1f"
"anemone","slenderbodies","fabulist","Favorite Songs","Favorite","DEVF11700096","1MD2yGSeBRALkMui1fZ05P"
"As It Was","Harry Styles","As It Was","Favorite Songs","Favorite","USSM12200612","4LRPiXqCikLlN15c3yImP7"
"Me and the Devil","Soap&Skin","Sugarbread","Favorite Songs","Favorite","BEP011300085","0wrWxW18WK2MkrfDpRHkyh"
"Sines","Greg Wanders","Sines","Favorite Songs","Favorite","SE5BU1797093","24jeUaWPfFXfNw3uYHsH3M"
"What Kinda Music","Tom Misch","What Kinda Music","Favorite Songs","Favorite","UKDBV2000001","47w6S27JF4Zvrz1Wd6R66Z"
"I will be one of the greatest","YLL GRYM","I will be one of the greatest","Favorite Songs","Favorite","QZHN52208158","1MCY00tqVpxg5OtZRee5pw"
"Out Here with Us","Parra for Cuva","Paspatou","Favorite Songs","Favorite","GBKPL1821711","6ezfPcUAN8UH6FaQbFfLSp"
"Heavenly Mother","Pip Millett","Lost In June - EP","Favorite Songs","Favorite","QM4TX2038848","328rLNs6WQPOlFSPpIUy7E"
"Waves","Mr. Probz","Waves","Favorite Songs","Favorite","TCABN1366256","3s8GJ1A9ujxsKcLaJ2wY7Q"
"Coffee","Playyard","Coffee","Favorite Songs","Favorite","QM24S1924110","1mIhBDAR4wbURTk9KWqs74"
"When We First Met","Luke Marzec","Chances","Favorite Songs","Favorite","US23A1500665","6Fp9lRF05WbZZtTYJKwjWR"
"TRUMPETS","_BY.ALEXANDER","000 CHANNEL BLACK","Favorite Songs","Favorite","QZGTH2000101","5YbxN1yCgcf0ZMqXY5JfW5"
"BLOOM IN PARIS","_BY.ALEXANDER","000 CHANNEL BLACK","Favorite Songs","Favorite","QZGTH2000105","4cBcs7Kw2Xe3K8DgaA6mqV"
"She Moves","Jono McCleery","There Is","Favorite Songs","Favorite","GBCFB1101210","7DU3EcitV1jTbDJzFiKWQu"
"boyboy","Bella Boo","boyboy","Favorite Songs","Favorite","SE2WJ1805006","4nPxslqyW55H8Mye6bAXle"
"Night Drive","Laura Misch","Lonely City","Favorite Songs","Favorite","GBKPL1939179","4SFsCt9PWNo9ebqn0GdMTJ"
"Why Don't You","Cleo Sol","Rose in the Dark","Favorite Songs","Favorite","TCADB1791147","6RQ0i7rApnnWSI8uEiGVVF"
"Forest Fire","YOG$","Universe From Here","Favorite Songs","Favorite","QZ85M1700170","28UEoZbI67jfPdsem4Ri9F"
"Drift","Benji Lewis","Home For Now","Favorite Songs","Favorite","USCGH1748607","4Sf23jc43dY15uoRQ4fWjf"
"Over Again","Goldwash","Flat Earth Surf Club","Favorite Songs","Favorite","FR59R1951141","6DUABh5MVt9PhZjkOaLzH1"
"Lose Control","Elijah Waters","Arranged Escape","Favorite Songs","Favorite","UKXN22070390","1s7j6RMOBRsNEPp3GnCDNW"
"Beauty","LOVE SUPREME","Love Supreme","Favorite Songs","Favorite","FR2X41874018","48tDZSxZwnDRDdBSYRaak9"
"Station - 2014","Låpsley","Station","Favorite Songs","Favorite","FR4GL1113742","7JMGbQSEcoEzQ3hCFGEis6"
"Oh No","Biig Piig","Oh No / Liahr","Favorite Songs","Favorite","GBARL2001251","5OplD6jkrUT7XJFFIM6mph"
"Famous Last Words","James Blake","Friends That Break Your Heart","Favorite Songs","Favorite","USUM72109422","1axXy2bgUSeEN7h6Ob9Qbo"
"When Everything is Gone","Geoffroy","1952","Favorite Songs","Favorite","CAZ841900024","5gLvVh8noIcQt36ISbR3P1"
"TNT","NAYANA IZ","TNT","Favorite Songs","Favorite","GBENL2002702","1qR5M6imIjQEFXTsai8tcR"
"Sometimes","Frankie Stew and Harvey Gunn","The Morning","Favorite Songs","Favorite","TCACZ1798649","1zNE4Zrvv1UzEOfINPOhMx"
"Calm Down","Rema","Calm Down","Favorite Songs","Favorite","NGA3B2214004","6hgoYQDUcPyCz7LcTUHKxa"
"STALLING","_BY.ALEXANDER","000 CHANNEL BLACK","Favorite Songs","Favorite","QZGTH2000103","7mM2fBXOye3kCTfwYeS8yD"
"Na Ponta do Pé - Brega Funk","Nadson O Ferinha","Na Ponta do Pé (Brega Funk)","Favorite Songs","Favorite","BCDMP2100035","4VBhrKEJ9nWzaiyhM5L9ic"
"VEGAS","ABRA","PRINCESS","Favorite Songs","Favorite","USMTD1608393","2TEb3mSJsiPpYYzJOZjySO"
"Hell N Back","Bakar","Hell N Back","Favorite Songs","Favorite","GBARL1900848","3NRql0A1Ef4RCvT473iqgD"
"Jericho","Iniko","Jericho","Favorite Songs","Favorite","USQX92302565","4orNmNMRcQnCxNpzEaeT9h"
"Speaking of the End","Låpsley","Through Water","Favorite Songs","Favorite","GBBKS1900174","0VgTi18CjUoI1frSMsNXWT"
"Prada","cassö","Prada","Favorite Songs","Favorite","GBCEN2300147","59NraMJsLaMCVtwXTSia8i"
"Nail Tech","Jack Harlow","Nail Tech","Favorite Songs","Favorite","USAT22200223","62Yo3FDddWY8ydu6PW2wyz"
"Make You Smile","D-Block Europe","Home Alone 2","Favorite Songs","Favorite","GB2DY2100832","7au23Qf6zRs72N3RztqUQe"
"Won't Forget You (Edit)","Shouse","Won't Forget You","Favorite Songs","Favorite","USA2P2201279","3I10tZ5MgEMo4WryCNJkZQ"
"Put You on My Shoulders - Remix","Murkage Dave","Murkage Dave Changed My Life: Special Edition","Favorite Songs","Favorite","FR96X1935023","6JOzWsupJJHtX6A4oGazY7"
"Escapism.","RAYE","My 21st Century Blues","Favorite Songs","Favorite","QMDA62217995","5mHdCZtVyb4DcJw8799hZp"
"Big Jet Plane","Restricted","Big Jet Plane","Favorite Songs","Favorite","DEUM72208091","6nYJWAPKIJfXIKtiYc4P4O"
"Hold Me - Sped Up","Lavern","Hold Me: The Edits","Favorite Songs","Favorite","DEUM72305205","3EEck47Jgp4kuWrFZ1JdoM"
"Clouds","BUNT.","Clouds","Favorite Songs","Favorite","QZTBB2202743","5985LToyqbVWWNczsD9g5N"
"Confused 133","Ninezz","Confused 133","Favorite Songs","Favorite","DEA622303092","2L5FCkyzwgpPMsgoTuB7qr"
"relax my eyes x children - sped up","badkarma","relax my eyes x children - sped up","Favorite Songs","Favorite","GX3HH2326569","7kbww3vuJKmNImw3choNvf"
"adore u","Fred again..","adore u","Favorite Songs","Favorite","GBAHS2300908","3YgtkOxZsTuaZdL8McA1FQ"
"Would You (go to bed with me?)","Campbell","Would You (go to bed with me?)","Favorite Songs","Favorite","GBAHS2300598","2N8gR2yftrHbZR53U5kYnX"
"Jungle","Fred again..","USB","Favorite Songs","Favorite","GBAHS2200844","06MTABFQwW5anqpyGMAXDm"
"Push Up - Main Edit","Creeds","Push Up (Main Edit)","Favorite Songs","Favorite","DEE862300564","3AjSfp5FDvwtMU9XBsbS8j"
"Nonstop","Drake","Scorpion","Favorite Songs","Favorite","USCM51800191","0TlLq3lA83rQOYtrqBqSct"
"Wings - JESSE BLOCH x CH4YN REMIX","Birdy","Wings (JESSE BLOCH x CH4YN REMIX)","Favorite Songs","Favorite","GBAHT2300694","3RDovFDJ39D3egBPgheUdE"
"Iridium","Labrinth","Iridium","Favorite Songs","Favorite","USSM12208721","5amRolITZmPuqDQOqJ4aWr"
"L’enfer","Stromae","Multitude","Favorite Songs","Favorite","BET672100005","1CsuHmKOfCYxPoO4xjlAWV"
"Daylight","David Kushner","Daylight","Favorite Songs","Favorite","QZXDB2300005","1odExI7RdWc4BT515LTAwj"
"Lose It All (I Don't Wanna)","BUNT.","Lose It All (I Don't Wanna)","Favorite Songs","Favorite","USAR12300236","6FWAIkMvnS0ABEdBKcIp5K"
"Fading","Swimming Paul","Fading","Favorite Songs","Favorite","FRD9M2300930","6a6ukMkLFXcWvqP0fdlDfZ"
"How Much Is Weed?","Dominic Fike","Sunburn","Favorite Songs","Favorite","USQX92301809","44KWbTVZev3SWdv1t5UoYE"
"Revenge","XXXTENTACION","17","Favorite Songs","Favorite","USUYG1156895","5TXDeTFVRVY7Cvt0Dw4vWW"
"Violent Crimes","Kanye West","ye","Favorite Songs","Favorite","USUM71807795","3s7MCdXyWmwjdcWh7GWXas"
"La leçon particulière","Lavern","La leçon particulière","Favorite Songs","Favorite","FRUM72301674","3NWRapFZSlpHXO38LW21rw"
"Baddadan (feat. IRAH, Flowdan, Trigga & Takura)","Chase & Status","Baddadan (feat. IRAH, Flowdan, Trigga & Takura)","Favorite Songs","Favorite","GBUM72306881","2ZWmmrWUgDBcPSLihBMvhg"
"In The Dark","Jend","In The Dark","Favorite Songs","Favorite","QZWFF2394390","1i60PgQlMF9Qgw3Xs4ebPt"
"Hey","Nilüfer Yanya","Extraordinary Renditions","Favorite Songs","Favorite","GBGLW1500368","5TpgvBMHTLlAj7gzQcfUJ7"
"Meteoriti","Valentino Vivace","Meteoriti","Favorite Songs","Favorite","QZTAT2231908","5v97denncuVynKzc9bdhfD"
"Lost My Mind","ANDREA CALABRIA","Lost My Mind","Favorite Songs","Favorite","GBKQU2303218","3kWyOvkO3jrWLwGMKPRxLR"
"Waves & Wavs","Ahmed Spins","Anchor Point EP","Favorite Songs","Favorite","ITFGO2200045","1D7PE3dDyonJfUP6oSuaq7"
"Honey","070 Shake","Honey - Single","Favorite Songs","Favorite","USUYG1110258","0PoMoPqIJxe6H0rDMnpGP8"
"Superlike","Crunkz","Superlike","Favorite Songs","Favorite","DEN062101408","3D1gyyq9jqz3lYKrL7pxrS"
"Big Bad Mood (feat. Miraa May)","Jordan Stephens","Let Me Die Inside You","Favorite Songs","Favorite","UKQNV2100114","1Wu9EjGPifgj9Mzm1P8C03"
"i like the way you kiss me","Artemas","i like the way you kiss me","Favorite Songs","Favorite","QZJ842400387","2GxrNKugF82CnoRFbQfzPf"
"Pedro","Jaxomy","Pedro","Favorite Songs","Favorite","DEE862400427","48lxT5qJF0yYyf2z4wB4xW"
"if u think i'm pretty","Artemas","pretty","Favorite Songs","Favorite","QZTB92397158","1ACA277B6f46DYCgZW8di3"
"SUMMER TIME SADNESS HARDSTYLE","SICK LEGEND","SUMMER TIME SADNESS HARDSTYLE","Favorite Songs","Favorite","GX5MY2264294","3P48rdupp9trbMA2J2Vsta"
"Sober","KiLLOWEN","Sober","Favorite Songs","Favorite","DGA082239589","2AL0YvQ2rjIBBi7T1DPJ2Y"
"Call Us by Our Names","Malaki","Call Us by Our Names","Favorite Songs","Favorite","QZ8LD1988625","4p5Qfp9SajCNCDmXvuJjMW"
"96 BPM","Rudi Creswick","Different Forms","Favorite Songs","Favorite","GX5NN2200007","6ZOD0hrQjg8JWi9q9FhrHk"
"Elusive","blackwave.","ARE WE STILL DREAMING?","Favorite Songs","Favorite","BEFM11700009","2wSKzkZZJo45qRCBxM13wk"
"Journey (Don't Let Me Go)","ERIICE","Journey (Don't Let Me Go)","Favorite Songs","Favorite","CH7812408580","1RO0sX148nhh1thfwaLWuA"
"MAMA'S EYES","METTE","MAMA'S EYES","Favorite Songs","Favorite","USRC12300100","3FSOP0KUsO3hv96E92CHsp"
"TABU.","Yung Yury","TABU.","Favorite Songs","Favorite","QZES82389788","42Ztw2ZtZR3mtWjXpg0R5I"
"I can share my love with you","Bassi Fox","I can share my love with you","Favorite Songs","Favorite","QZNWZ2302698","0QAanF5Xa61yfG3ShSJRMl"
"Now U Do - Edit","DJ Seinfeld","Now U Do","Favorite Songs","Favorite","GBCFB2300353","0fK4NmIDXetjIiZ2Oxz2tF"
"Call Me","Marlon Hoffstadt","Call Me","Favorite Songs","Favorite","QZQAY2343225","4iqtDvbICWuBERMTz9cz41"
"Dance Around Me","Vanglowe","Dance Around Me","Favorite Songs","Favorite","CA5KR2424656","4h8MROBFUeJMw46AU1u90G"
"My Head Is A Jungle - MK Remix - Radio Edit","Wankelmut","My Head Is A Jungle (The Remixes)","Favorite Songs","Favorite","DEAW11300332","2aeKjOnoJXavtpj2Hd2P4g"
"One and Only - AseMix","Ase","One and Only (AseMix)","Favorite Songs","Favorite","QZNWS2175472","45VHi1pZE1NKeBuoPGTsZj"
"Someone Else","DRKTMS","Someone Else","Favorite Songs","Favorite","QM7282380977","5HPNNk5gzq2E3pZS66AR3u"
"Look into My Eyes - HUGEL & Hugo Cantarra Remix","Brando","Look Into My Eyes (HUGEL & Hugo Cantarra Remix)","Favorite Songs","Favorite","NLF712009115","56TdVLcfsVK0FKs2yPq8o4"
"She's On My Mind","Romy","Mid Air","Favorite Songs","Favorite","UK7MC2300064","4heve4ydl1u6V3AD4moZq9"
"Sprinter (Remix)","TAB Coke Beats","Sprinter (Remix)","Favorite Songs","Favorite","QZTB22310334","7ux0iGwZ05gDrXFakA1A7J"
"Tell Me Why - 1991 Remix","Supermode","Tell Me Why (1991 Remix)","Favorite Songs","Favorite","GBKCF2301120","6tGtFeIO3yYuVvNLAdHU0A"
"Jungle - Rico Nasty Remix","Rico Nasty","Las Ruinas","Favorite Songs","Favorite","USAT22208892","3ycgBFWvzxjLtY2YJuQMms"
"01 Angels (The XX)(www.muzikupdates.com)","www.muzikupdates.com","","The XX","Playlist","","4aa70ecebcb6d2b44a8b784e3876f182"
"02 Chained (The XX)(www.muzikupdates.com)","www.muzikupdates.com","","The XX","Playlist","","8dde32a0c7eea860f96d987802b060ab"
"03 Fiction (The XX)(www.muzikupdates.com)","www.muzikupdates.com","","The XX","Playlist","","90bf3068bbfb79769194860d01698bba"
"04 Try (The XX)(www.muzikupdates.com)","www.muzikupdates.com","","The XX","Playlist","","608fff37819dcc5a987163bd1569b200"
"05 Reunion (The XX)(www.muzikupdates.com)","www.muzikupdates.com","","The XX","Playlist","","e195e57d698edc7ac76b44f57408ec51"
"06 Sunset (The XX)(www.muzikupdates.com)","www.muzikupdates.com","","The XX","Playlist","","5a1f7d66a0fc8db5dd042b271b795260"
"07 Missing (The XX)(www.muzikupdates.com)","www.muzikupdates.com","","The XX","Playlist","","5e1d9ba8626a27c67f4bdfeda4bb0d08"
"08 Tides (The XX)(www.muzikupdates.com)","www.muzikupdates.com","","The XX","Playlist","","030a16bcf66c23eff1eb600fdcc9076f"
"09 Unfold (The XX)(www.muzikupdates.com)","www.muzikupdates.com","","The XX","Playlist","","c1ace86550e878b5ea2e687ac5cf2f1a"
"10 Swept Away (The XX)(www.muzikupdates.com)","www.muzikupdates.com","","The XX","Playlist","","78f55e53d8dcd71a2f18d98591d34eb7"
"11 Our Song (The XX)(www.muzikupdates.com)","www.muzikupdates.com","","The XX","Playlist","","126db309d6ae814992508a2aacb22dcf"
"Intro","The XX","2.0","The XX","Playlist","","1cad35d4b3b9f624f82dbf237daaf188"
"Vcr","The XX","2.0","The XX","Playlist","","b1b63b145ad8cfb45ac692f54ef65bee"
"Crystalised","The XX","2.0","The XX","Playlist","","0a3af11b235fdc3449efc931dca32239"
"Islands","The XX","2.0","The XX","Playlist","","81e271c0609b755a9f4b460150f4fc01"
"Heart Skipped A Beat","The XX","2.0","The XX","Playlist","","e62ab373523dc1580396e1ee6e386c9d"
"Fantasy","The XX","2.0","The XX","Playlist","","f8e19bfcbc718a84ee8ed8aae472f9e2"
"Shelter","The XX","2.0","The XX","Playlist","","f515a9fb9a58faa5ae7547e81ccc9717"
"Basic Space","The XX","2.0","The XX","Playlist","","938dfad1a4b5d88a7d1e9425f2949372"
"Infinity","The XX","2.0","The XX","Playlist","","eb2ac5b04180d8d6011a016aeb8f75b3"
"Night Time","The XX","2.0","The XX","Playlist","","85b4fda3bed31e08f41a9d06a5d98120"
"Stars","The XX","2.0","The XX","Playlist","","d37c550d781bfb93b0088a2470598bcf"